intensity,calfDiff
10217.91857,0.020707071
11538.78955,0.041414141
11714.36177,0.046464646
11857.05271,0.048989899
14795.39169,0.085858586
15215.15792,0.133838384